#MAP3D,,,,,,,,,,,
NAME,kitbase,,,,,,,,,,
SIZE,20,8,20,,,,,,,,
START,0,0,0,,,,,,,,
GOAL,5,0,5,,,,,,,,
,,,,,,,,,,,
[FLOOR],,,,,,,,,,,
y,z,x,id,rot,,,,,,,
0,0,0,0,1,,,,,,,
0,0,1,0,1,,,,,,,
0,0,2,0,1,,,,,,,
0,0,3,0,1,,,,,,,
0,1,0,0,1,,,,,,,
0,1,1,0,1,,,,,,,
0,1,2,0,1,,,,,,,
0,1,3,0,1,,,,,,,
0,2,0,0,1,,,,,,,
0,2,1,0,1,,,,,,,
0,2,2,0,1,,,,,,,
0,2,3,0,1,,,,,,,
0,3,0,0,1,,,,,,,
0,3,1,0,1,,,,,,,
0,3,2,0,1,,,,,,,
0,3,3,0,1,,,,,,,
1,10,4,0,0,,,,,,,
1,10,5,0,0,,,,,,,
1,11,4,0,0,,,,,,,
1,11,5,0,0,,,,,,,
1,12,4,0,0,,,,,,,
1,12,5,0,0,,,,,,,
1,13,4,0,0,,,,,,,
1,13,5,0,0,,,,,,,
1,14,0,0,0,,,,,,,
1,14,1,0,0,,,,,,,
1,14,2,0,0,,,,,,,
1,14,3,0,0,,,,,,,
1,14,4,0,0,,,,,,,
1,14,5,0,0,,,,,,,
1,14,6,0,0,,,,,,,
1,14,7,0,0,,,,,,,
1,14,8,0,0,,,,,,,
1,14,9,0,0,,,,,,,
1,15,0,0,0,,,,,,,
1,15,1,0,0,,,,,,,
1,15,2,0,0,,,,,,,
1,15,3,0,0,,,,,,,
1,15,4,0,0,,,,,,,
1,15,5,0,0,,,,,,,
1,15,6,0,0,,,,,,,
1,15,7,0,0,,,,,,,
1,15,8,0,0,,,,,,,
1,15,9,0,0,,,,,,,
1,16,4,0,0,,,,,,,
1,16,5,0,0,,,,,,,
1,17,4,0,0,,,,,,,
1,17,5,0,0,,,,,,,
1,18,4,0,0,,,,,,,
1,18,5,0,0,,,,,,,
1,19,4,0,0,,,,,,,
1,19,5,0,0,,,,,,,
2,0,2,0,1,,,,,,,
2,1,1,0,2,,,,,,,
2,1,2,0,2,,,,,,,
2,1,3,0,2,,,,,,,
2,2,0,0,1,,,,,,,
2,2,1,0,2,,,,,,,
2,2,2,0,2,,,,,,,
2,2,3,0,2,,,,,,,
2,2,4,0,1,,,,,,,
2,3,1,0,2,,,,,,,
2,3,2,0,2,,,,,,,
2,3,3,0,2,,,,,,,
2,4,2,0,1,,,,,,,
4,0,0,0,1,,,,,,,
4,0,1,0,1,,,,,,,
4,0,2,0,1,,,,,,,
4,1,0,0,1,,,,,,,
4,1,1,0,1,,,,,,,
4,1,2,0,1,,,,,,,
4,2,0,0,1,,,,,,,
4,2,1,0,1,,,,,,,
4,2,2,0,1,,,,,,,
4,3,1,0,3,,,,,,,
,,,,,,,,,,,
[WALL_A],,,,,,,,,,,
y,z,x,id,rot,,,,,,,
0,0,0,1,0,,,,,,,
0,0,1,1,0,,,,,,,
0,0,2,1,0,,,,,,,
0,0,3,1,0,,,,,,,
0,0,4,3,3,,,,,,,
0,1,0,3,3,,,,,,,
0,2,0,3,3,,,,,,,
0,3,0,3,3,,,,,,,
0,3,1,3,2,,,,,,,
0,3,2,3,2,,,,,,,
0,3,3,3,2,,,,,,,
0,3,4,3,3,,,,,,,
1,11,3,1,1,,,,,,,
1,11,6,1,3,,,,,,,
1,12,3,1,1,,,,,,,
1,12,6,1,3,,,,,,,
1,13,3,1,1,,,,,,,
1,13,6,1,3,,,,,,,
1,14,1,1,0,,,,,,,
1,14,2,1,0,,,,,,,
1,14,3,1,0,,,,,,,
1,14,6,1,0,,,,,,,
1,14,7,1,0,,,,,,,
1,14,8,1,0,,,,,,,
1,15,1,1,2,,,,,,,
1,15,2,1,2,,,,,,,
1,15,3,1,2,,,,,,,
1,15,6,1,2,,,,,,,
1,15,7,1,2,,,,,,,
1,15,8,1,2,,,,,,,
1,16,3,1,1,,,,,,,
1,16,6,1,3,,,,,,,
1,17,3,1,1,,,,,,,
1,17,6,1,3,,,,,,,
1,18,3,1,1,,,,,,,
1,18,6,1,3,,,,,,,
2,0,1,1,1,,,,,,,
2,0,2,1,1,,,,,,,
2,0,3,1,3,,,,,,,
2,1,0,1,2,,,,,,,
2,2,0,1,2,,,,,,,
2,2,4,1,0,,,,,,,
2,4,1,1,1,,,,,,,
2,4,3,1,3,,,,,,,
4,0,0,3,3,,,,,,,
4,0,1,3,0,,,,,,,
4,0,2,3,1,,,,,,,
4,1,0,3,3,,,,,,,
4,1,2,3,1,,,,,,,
4,2,0,3,2,,,,,,,
4,2,2,3,1,,,,,,,
4,3,0,1,1,,,,,,,
4,3,2,1,3,,,,,,,
4,4,0,1,1,,,,,,,
4,4,2,1,3,,,,,,,
,,,,,,,,,,,
[WALL_B],,,,,,,,,,,
y,z,x,id,rot,,,,,,,
0,0,0,3,3,,,,,,,
0,3,0,3,2,,,,,,,
2,2,4,1,2,,,,,,,
4,0,0,3,0,,,,,,,
4,0,2,3,0,,,,,,,
4,2,0,3,3,,,,,,,
4,2,2,3,2,,,,,,,
,,,,,,,,,,,
[CORNER],,,,,,,,,,,
y,z,x,id,rot,scale,thickness,offset,,,,
1,10,4,2,1,100,100,0,,,,
1,10,5,2,0,100,100,0,,,,
1,14,0,2,1,100,100,0,,,,
1,14,9,2,0,100,100,0,,,,
1,15,0,2,2,100,100,0,,,,
1,15,9,2,3,100,100,0,,,,
1,19,4,2,2,100,100,0,,,,
1,19,5,2,3,100,100,0,,,,
2,1,1,2,3,100,100,0,,,,
2,1,3,2,2,100,100,0,,,,
2,3,1,2,0,100,100,0,,,,
2,3,3,2,1,100,100,0,,,,
,,,,,,,,,,,
[DECO],,,,,,,,,,,
y,z,x,id,rot,,,,,,,
4,3,1,5,2,,,,,,,
,,,,,,,,,,,
[COLLISION],,,,,,,,,,,
y,z,x,block,offsetX,offsetZ,sizeX,sizeZ,,,,
,,,,,,,,,,,
[COLLISION_EDGE],,,,,,,,,,,
y,z,x,mask,s0,s1,s2,s3,t0,t1,t2,t3
,,,,,,,,,,,
[EVENT],,,,,,,,,,,
y,z,x,id,,,,,,,,
0,0,0,0,,,,,,,,
0,5,5,1,,,,,,,,
,,,,,,,,,,,
# 2026-06-28: Add named base-kit ranges such as 3x3 rooms.,,,,,,,,,,,
[KIT],,,,,,,,,,,
name,y,z,x,sizeX,sizeZ,,,,,,
room_3x3_base,4,0,0,3,3,,,,,,
# 2026-06-28: Add reusable room, corridor, and branch examples for the base kit tab.,,,,,,,,,
room_3x5_with_marker,4,0,0,3,5,,,,,,
room_4x4_base,0,0,0,4,4,,,,,,
crossroad_5x5,2,0,0,5,5,,,,,,
wide_room_10x10,1,10,0,10,10,,,,,,
straight_hall_2x10,1,10,4,2,10,,,,,,
wide_hall_10x2,1,14,0,10,2,,,,,,
