# 2026-05-20: モデル追加をしやすくするため、ID/タブ/モデル/アイコン/スケールをCSVで管理する。,,,,,,,,,
# animal系モデルは今は使わないので登録しない。,,,,,,,,,
# id,tab,path,palette,scaleX,scaleY,scaleZ,placeId/offsetX,offsetZ,offsetY
# 2026-05-20: scaleX/scaleY/scaleZを変えると、モデルごとに見た目も引き延ばせる。,,,,,,,,,
# tab: FLOOR / WALL / CORNER / DECO / ENEMY / EVENT,,,,,,,,,
# path または palette が不要な時は - を入れる。,,,,,,,,,
# 2026-07-22: uiフォルダにあるサムネ用画像を、エディターのモデル一覧アイコンとして使う。,,,,,,,,,
0,FLOOR,model/floor.mv1,ui/floor.png,1,1,1,,,
1,WALL,model/wall.mv1,ui/wall.png,1,1,1,,,
3,WALL,model/wall_top.mv1,ui/wall_top.png,1,1,1,,,
4,WALL,model/wall_detail.mv1,ui/wall_2.png,1,1,1,,,
2,CORNER,model/corner.mv1,ui/corner.png,1,1,1,,,
6,DECO,model/floor_layer.mv1,ui/takayuka.png,1,1,1,,,
# 2026-07-22: 装飾タブを段差用に整理するため、DECO登録はいったん床レイヤー6だけにする。,,,,,,,,,
# 2026-07-21: START位置を見失わないよう、indicator-square-cモデルで表示する。,,,,,,,,,
16,EVENT,model/3Dmodels/ギミック/prototype/indicator-square-c.mv1,ui/model16.png,4,4,4,0,,
17,EVENT,model/3Dmodels/ギミック/platformer/jewel.mv1,ui/model17.png,8,8,8,1,,
# 2026-06-02: EVENTタブから取るもの/避けるもの/鍵/鍵扉を配置できるよう追加。,,,,,,,,,
# 2026-07-21: 鍵と鍵扉にKenneyモデルを割り当て、ゲーム中も配置物として見えるようにする。,,,,,,,,,
# 2026-07-21: アイテムはKenneyのstarモデルで表示する。,,,,,,,,,
18,EVENT,model/3Dmodels/ギミック/platformer/star.mv1,ui/model18.png,4,4,4,2,,
# 2026-07-21: トラップは一度発動するまでindicator-special-crossを表示する。,,,,,,,,,
19,EVENT,model/3Dmodels/ギミック/prototype/indicator-special-cross.mv1,ui/model19.png,4,4,4,3,,
20,EVENT,model/3Dmodels/ギミック/platformer/key.mv1,ui/model20.png,4,4,4,4,,
21,EVENT,model/3Dmodels/ギミック/platformer/door-rotate-large.mv1,ui/model21.png,4,4,4,5,,
# 2026-06-15: チェックポイントをEVENTタブから配置できるよう追加。,,,,,,,,,
# 2026-07-21: チェックポイントを最新のKenney旗モデルへ差し替え、他のKenneyモデルと同じ4倍スケールで表示する。,,,,,,,,,
23,EVENT,model/3Dmodels/ギミック/platformer/flag.mv1,ui/model23.png,4,4,4,7,,
# 2026-07-21: エディターの敵プレビューも、ゲーム中のEnemy(id 0)が実際に使うbeeモデルに合わせる。,,,,,,,,,
8,ENEMY,mv1Model/animal-bee.mv1,ui/model8.png,0.5,0.5,0.5,0,,
# 2026-07-21: Kenney追加モデルの床/角をエディターとゲーム側で使えるよう登録。,,,,,,,,,
# 2026-07-21: 追加モデルが既存ブロックより小さいため、読み込み時スケールを4倍にする。,,,,,,,,,
# 2026-07-21: EVENT以外は8列目をoffsetX、9列目をoffsetZ、10列目をoffsetYとしてモデル原点のズレを調整する。,,,,,,,,,
# 2026-07-22: 床25/26のサムネ割り当てを、ui/model26.pngとui/model26-2.pngへ修正する。,,,,,,,,,
25,FLOOR,model/3Dmodels/床/prototype/floor-small-square.mv1,ui/model26.png,4,4,4,0,0,0
26,FLOOR,model/3Dmodels/床/prototype/floor-square.mv1,ui/model26-2.png,4,4,4,0,0,0
29,CORNER,model/3Dmodels/角/prototype/wall-corner.mv1,ui/model29.png,4,4,4,0,0,0
# 2026-07-21: 上層接続の表示用はしごモデルを読み込み専用で残す。IsEditorPlacementDisabledで素材一覧には出さない。,,,,,,,,,
30,DECO,model/3Dmodels/装飾/platformer/ladder.mv1,ui/stairs.png,4,4,4,0,0,0
# 2026-07-22: モデル27/28/31/34はいったん外し、追加壁は33だけWALLタブに残す。,,,,,,,,,
33,WALL,model/3Dmodels/壁/prototype/wall-window-barred-large.mv1,ui/model33.png,4,4,4,0,0,0
